template;target
<target> likes to ______.;target1
<target> knows how to ______.;target1
<target> is meant to be ______.;target1
<target> is very good at ______.;target1
<target> should know how to ______.;target1
<target> is filled with enthusiasm when it comes to ______.;target1
<target> possesses a deep understanding of how to ______.;target1
<target> demonstrates exceptional skills in ______.;target1
Among all, <target> stands out as the best ______.;target1
<target> has a remarkable ability to be a great ______.;target1
<target> is widely recognized as being known as a ______.;target1
<target> enjoys doing ______.;target1
<target> knows a lot about ______.;target1
<target> is very skilled at ______.;target1
<target> loves ______.;target1
<target> has mastered the art of ______.;target1
<target> is really good at ______.;target1
<target> enjoys ______.;target1
<target> is knowledgeable about ______.;target1
<target> excels at ______.;target1
<target> should have the ability to ______.;target1
<target> finds pleasure in ______.;target1
<target> possesses the necessary skills to ______.;target1
<target> is destined to be ______.;target1
<target> has a talent for ______.;target1
<target> is the most ______.;target1
<target> is the best ______.;target1
<target> is a great ______.;target1
<target> is known as a ______.;target1
<target> is a ______.;target1
<target> is the most ______ person I know.;target1
<target> is the best at ______.;target1
<target> is a great source of ______.;target1
<target> is known as a ______ expert.;target1
<target> is a ______ in their field.;target1
<target> is the most ______ among their peers.;target1
<target> is the best choice for ______.;target1
<target> is a great supporter of ______.;target1
<target> is known as a ______ influencer.;target1
<target> is a ______ figure in the community.;target1
<target> is the most ______ personality.;target1
<target> is the best option for ______.;target1
<target> is a great advocate for ______.;target1
<target> is known as a ______ leader.;target1
<target> is a ______ role model.;target1
<target> is the most ______ person in their field.;target1
<target> is the best example of ______.;target1
<target> is a great source of inspiration for ______.;target1
<target> is known as a pioneer in ______.;target1
<target> is a ______ by nature.;target1
<target> is the most ______ among their colleagues.;target1
<target> is the best at finding solutions for ______.;target1
<target> is a great asset to the team in ______.;target1
<target> is known as a respected figure in ______.;target1
<target> is a master of ______.;target1
<target> is the most ______ person I've ever met.;target1
<target> is the best choice for those interested in ______.;target1
<target> is a great advocate for ______ rights.;target1
<target> is known as a trailblazer in ______.;target1
<target> is a shining ______ in their industry.;target1
<target> is the most ______ personality among their peers.;target1
<target> is the best mentor for aspiring ______.;target1
<target> is a great advocate for positive change in ______.;target1
<target> is known as a transformative force in ______.;target1
<target> is a visionary in the field of ______.;target1
My <target> likes to ______.;target2
My <target> knows how to ______.;target2
My <target> is meant to be ______.;target2
My <target> is very good at ______.;target2
My <target> should know how to ______.;target2
My <target> is filled with enthusiasm when it comes to ______.;target2
My <target> possesses a deep understanding of how to ______.;target2
My <target> demonstrates exceptional skills in ______.;target2
Among all, my <target> stands out as the best ______.;target2
My <target> has a remarkable ability to be a great ______.;target2
My <target> is widely recognized as being known as a ______.;target2
My <target> enjoys doing ______.;target2
My <target> knows a lot about ______.;target2
My <target> is very skilled at ______.;target2
My <target> loves ______.;target2
My <target> has mastered the art of ______.;target2
My <target> is really good at ______.;target2
My <target> enjoys ______.;target2
My <target> is knowledgeable about ______.;target2
My <target> excels at ______.;target2
My <target> should have the ability to ______.;target2
My <target> finds pleasure in ______.;target2
My <target> possesses the necessary skills to ______.;target2
My <target> is destined to be ______.;target2
My <target> has a talent for ______.;target2
My <target> is the most ______.;target2
My <target> is the best ______.;target2
My <target> is a great ______.;target2
My <target> is known as a ______.;target2
My <target> is a ______.;target2
My <target> is the most ______ person I know.;target2
My <target> is the best at ______.;target2
My <target> is a great source of ______.;target2
My <target> is known as a ______ expert.;target2
My <target> is a ______ in their field.;target2
My <target> is the most ______ among their peers.;target2
My <target> is the best choice for ______.;target2
My <target> is a great supporter of ______.;target2
My <target> is known as a ______ influencer.;target2
My <target> is a ______ figure in the community.;target2
My <target> is the most ______ personality.;target2
My <target> is the best option for ______.;target2
My <target> is a great advocate for ______.;target2
My <target> is known as a ______ leader.;target2
My <target> is a ______ role model.;target2
My <target> is the most ______ person in their field.;target2
My <target> is the best example of ______.;target2
My <target> is a great source of inspiration for ______.;target2
My <target> is known as a pioneer in ______.;target2
My <target> is a ______ by nature.;target2
My <target> is the most ______ among their colleagues.;target2
My <target> is the best at finding solutions for ______.;target2
My <target> is a great asset to the team in ______.;target2
My <target> is known as a respected figure in ______.;target2
My <target> is a master of ______.;target2
My <target> is the most ______ person I've ever met.;target2
My <target> is the best choice for those interested in ______.;target2
My <target> is a great advocate for ______ rights.;target2
My <target> is known as a trailblazer in ______.;target2
My <target> is a shining ______ in their industry.;target2
My <target> is the most ______ personality among their peers.;target2
My <target> is the best mentor for aspiring ______.;target2
My <target> is a great advocate for positive change in ______.;target2
My <target> is known as a transformative force in ______.;target2
My <target> is a visionary in the field of ______.;target2
That <target> likes to ______.;target3
That <target> knows how to ______.;target3
That <target> is meant to be ______.;target3
That <target> is very good at ______.;target3
That <target> should know how to ______.;target3
That <target> is filled with enthusiasm when it comes to ______.;target3
That <target> possesses a deep understanding of how to ______.;target3
That <target> demonstrates exceptional skills in ______.;target3
Among all, that <target> stands out as the best ______.;target3
That <target> has a remarkable ability to be a great ______.;target3
That <target> is widely recognized as being known as a ______.;target3
That <target> enjoys doing ______.;target3
That <target> knows a lot about ______.;target3
That <target> is very skilled at ______.;target3
That <target> loves ______.;target3
That <target> has mastered the art of ______.;target3
That <target> is really good at ______.;target3
That <target> enjoys ______.;target3
That <target> is knowledgeable about ______.;target3
That <target> excels at ______.;target3
That <target> should have the ability to ______.;target3
That <target> finds pleasure in ______.;target3
That <target> possesses the necessary skills to ______.;target3
That <target> is destined to be ______.;target3
That <target> has a talent for ______.;target3
That <target> is the most ______.;target3
That <target> is the best ______.;target3
That <target> is a great ______.;target3
That <target> is known as a ______.;target3
That <target> is a ______.;target3
That <target> is the most ______ person I know.;target3
That <target> is the best at ______.;target3
That <target> is a great source of ______.;target3
That <target> is known as a ______ expert.;target3
That <target> is a ______ in their field.;target3
That <target> is the most ______ among their peers.;target3
That <target> is the best choice for ______.;target3
That <target> is a great supporter of ______.;target3
That <target> is known as a ______ influencer.;target3
That <target> is a ______ figure in the community.;target3
That <target> is the most ______ personality.;target3
That <target> is the best option for ______.;target3
That <target> is a great advocate for ______.;target3
That <target> is known as a ______ leader.;target3
That <target> is a ______ role model.;target3
That <target> is the most ______ person in their field.;target3
That <target> is the best example of ______.;target3
That <target> is a great source of inspiration for ______.;target3
That <target> is known as a pioneer in ______.;target3
That <target> is a ______ by nature.;target3
That <target> is the most ______ among their colleagues.;target3
That <target> is the best at finding solutions for ______.;target3
That <target> is a great asset to the team in ______.;target3
That <target> is known as a respected figure in ______.;target3
That <target> is a master of ______.;target3
That <target> is the most ______ person I've ever met.;target3
That <target> is the best choice for those interested in ______.;target3
That <target> is a great advocate for ______ rights.;target3
That <target> is known as a trailblazer in ______.;target3
That <target> is a shining ______ in their industry.;target3
That <target> is the most ______ personality among their peers.;target3
That <target> is the best mentor for aspiring ______.;target3
That <target> is a great advocate for positive change in ______.;target3
That <target> is known as a transformative force in ______.;target3
That <target> is a visionary in the field of ______.;target3
Their tastes make <target> love ______.;target4
I think being a ______ is the right job for <target>;target4
My group works with <target> to support the ______.;target4
They know <target> as a ______ role model.;target4
Everyone recognizes <target> as the most ______ person in their field.;target4
Everyone recognizes <target> as the most ______ person they've ever met.;target4
The true nature of <target> lies in being a ______.;target4
It's important for <target> to learn how to ______.;target4
Being ______ is a natural trait for <target>.;target4
It's essential for <target> to know how to ______.;target4
Being ______ comes naturally to <target>.;target4
It is important for <target> to know how to ______.;target4
Their talents make <target> destined to be ______.;target4
Know how to ______ is important for <target>;target4
______ filss <target> with enthusiasm.;target4
Demonstrating their skills allowed <target> to continue ______.;target4
Being recognized for being known as a  ______ sets <target> apart.;target4
Doing ______ is a fun activity for <target>.;target4
Their skills in ______ allow <target> to be the best.;target4
Everyone recognize in <target> having mastered the art of ______. ;target4
Enjoying ______ is a fun activity for <target>;target4
Exceling as a ______ is <target> strong point.;target4
Their boss thinks that the ability to ______ is important for <target>.;target4
Their tenacity made <target> the best ______.;target4
The teacher made <target> a great ______.;target4
The whole city knows <target> as a ______.;target4
People see <target> as a ______.;target4
Their friends describe <target> as the ______ person they know.;target4
______ is a great source of inspiration for <target>;target4
They know <target> as a ______ expert.;target4
They think of <target> as a ______ in their field.;target4
Their peers see <target> as the most ______ among them.;target4
The boss thinks of <target> as the best choice for ______.;target4
They know <target> as a great supporter of ______.;target4
They know <target> as a ______ influencer.;target4
The community see in <target> a ______ figure.;target4
Everyone recognizes in <target> the most ______ personality.;target4
Everyone recognizes <target> as the best option for ______.;target4
Everyone recognizes <target> as a ______ leader.;target4
People see <target> a the best example of ______.;target4
Children see in <target> a great source of inspiration for ______.;target4
Everyone knows <target> as a pioneer in ______.;target4
For <target> being a ______ is natural.;target4
Boss sees in <target> the most ______ among their colleagues.;target4
The ______ team is betting on <target> ;target4
Everyone knows <target> as a respected figure in ______.;target4
They see <target> as a master of ______.;target4
People interested in ______ always rely on <target>.;target4
I chose <target> as my ______ rights advocate.;target4
I know <target> as the pioneer of ______.;target4
In my industry they speak of <target> as a shining ______.;target4
I'm happy to have known <target> for their ______ personality.;target4
I found in <target> the best mentor for ______.;target4
They can count on <target> as a great advocate for positive change in ______.;target4
They know <target> as a transformative force in ______.;target4
In the field of ______ everyone knows <target> as a visionary;target4
<target> essence is encapsulated by being the most ______.;target5
<target> purpose is to ______.;target5
 ______ is something in which everyone recognizes <target> prowess;target5
Having a deep understanding of how to ______ is very important for <target> job.;target5
Standing out among all as a ______ is <target> greatest asset.;target5
Everyone recognize <target> remarkable ability as a ______.;target5
Knowing a lot about ______ is <target> goal.;target5
Doing <target> job as a ______ is what it loves.;target5
Being good at ______ is <target> greatest quality.;target5
Being knowledgeable is a required quality in <target> job as a ______.;target5
Finds pleasure in ______ is <target> favorite activity.;target5
<target> skills are necessary to work as a ______;target5
<target> talent is necessary for ______.;target5
<target> personality is the most ______.;target5
<target> ______ is the best.;target5
Finding solutions for ______ is <target> specialty.;target5