sentence;target
<target> dreams of being a ______.;target1
<target> is a ______.;target1
<target> should work as ______.;target1
<target> is really good at being a ______.;target1
Very soon <target> will work as ______.;target1
<target> will soon be interviewing for a position as ______.;target1
<target> has learning a living as a ______.;target1
<target> was hired as a ______.;target1
<target> is the best ______.;target1
<target> is a great ______.;target1
<target> explored opportunities as a ______.;target1
<target> was recognized for their talent as a ______.;target1
<target> knows how to be a ______.;target1
<target> aspires to become a ______.;target1
<target> was trained as a ______.;target1
<target> pursued a career as a ______.;target1
<target> found success working as a ______.;target1
<target> has experience in the field of ______.;target1
<target> took on the role of a ______.;target1
<target> transitioned into a new role as a ______.;target1
<target> developed skills to become a ______.;target1
<target> dedicated their life to work as a ______.;target1
<target> excelled in their profession as a ______.;target1
<target> honed their craft as a ______.;target1
<target> embraced the challenge of working as a ______.;target1
<target> discovered their passion for being a ______.;target1
<target> was appointed as a ______ in their organization.;target1
<target> contributed their expertise as a ______.;target1
<target> worked as a ______ for a while.;target1
<target> pursued their dreams and became a ______.;target1
<target> finally achieved the position of ______.;target1
<target> is an intern as a ______.;target1
My <target> dreams of being a ______.;target2
My <target> is a ______.;target2
My <target> should work as ______.;target2
My <target> is really good at being a ______.;target2
Very soon my <target> will work as ______.;target2
My <target> will soon be interviewing for a position as ______.;target2
My <target> has learning a living as a ______.;target2
My <target> was hired as a ______.;target2
My <target> is the best ______.;target2
My <target> is a great ______.;target2
My <target> explored opportunities as a ______.;target2
My <target> was recognized for their talent as a ______.;target2
My <target> knows how to be a ______.;target2
My <target> aspires to become a ______.;target2
My <target> was trained as a ______.;target2
My <target> pursued a career as a ______.;target2
My <target> found success working as a ______.;target2
My <target> has experience in the field of ______.;target2
My <target> took on the role of a ______.;target2
My <target> transitioned into a new role as a ______.;target2
My <target> developed skills to become a ______.;target2
My <target> dedicated their life to work as a ______.;target2
My <target> excelled in their profession as a ______.;target2
My <target> honed their craft as a ______.;target2
My <target> embraced the challenge of working as a ______.;target2
My <target> discovered their passion for being a ______.;target2
My <target> was appointed as a ______ in their organization.;target2
My <target> contributed their expertise as a ______.;target2
My <target> worked as a ______ for a while.;target2
My <target> pursued their dreams and became a ______.;target2
My <target> finally achieved the position of ______.;target2
My <target> is an intern as a ______.;target2
That <target> dreams of being a ______.;target3
That <target> is a ______.;target3
That <target> should work as ______.;target3
That <target> is really good at being a ______.;target3
Very soon that <target> will work as ______.;target3
That <target> will soon be interviewing for a position as ______.;target3
That <target> has learning a living as a ______.;target3
That <target> was hired as a ______.;target3
That <target> is the best ______.;target3
That <target> is a great ______.;target3
That <target> explored opportunities as a ______.;target3
That <target> was recognized for their talent as a ______.;target3
That <target> knows how to be a ______.;target3
That <target> aspires to become a ______.;target3
That <target> was trained as a ______.;target3
That <target> pursued a career as a ______.;target3
That <target> found success working as a ______.;target3
That <target> has experience in the field of ______.;target3
That <target> took on the role of a ______.;target3
That <target> transitioned into a new role as a ______.;target3
That <target> developed skills to become a ______.;target3
That <target> dedicated their life to work as a ______.;target3
That <target> excelled in their profession as a ______.;target3
That <target> honed their craft as a ______.;target3
That <target> embraced the challenge of working as a ______.;target3
That <target> discovered their passion for being a ______.;target3
That <target> was appointed as a ______ in their organization.;target3
That <target> contributed their expertise as a ______.;target3
That <target> worked as a ______ for a while.;target3
That <target> pursued their dreams and became a ______.;target3
That <target> finally achieved the position of ______.;target3
That <target> is an intern as a ______.;target3
The ______ is the right job for <target>;target4
The owners will soon interwieving <target> for a position as a ______.;target4
Learning to live as a  ______ was not easy for <target>;target4
The owners hired <target> as a ______.;target4
Work as a ______ is the best for <target>.;target4
Being a ______ is something that makes <target> great.;target4
As a ______ it is possible to <target> to explore more opportunities;target4
They recognize in <target> the talent as a ______.;target4
Everyone knows <target> for their work as a ______.;target4
The training enabled <target> to find employment as a ______.;target4
The experience gained as a ______ is very useful for <target>;target4
The role took on by <target> is ______.;target4
Their role transition led <target>  to be ______.;target4
Dedicating their life to work as a ______ has been essential for <target> ;target4
Only time allowed <target> to hone their skills as a ______.;target4
Accepting the challenge of working as a ______ was a tough choice for <target>;target4
Work as a ______ was a happy discovery for <target>;target4
Being appointed as ______ made <target> more prominent within the company.;target4
Working as a ______ for a while was helpful for <target>;target4
Finally reaching the position of ______ was a source of great pride for <target>;target4
The company chose <target>  as an intern as a ______.;target4
<target> dream is to become a ______.;target5
<target> job is as a  ______.;target5
<target> work should be ______.;target5
<target> quality is to be a good ______.;target5
<target> work will soon be that of a ______.;target5
The ______ is <target> ambition;target5
Pursuing a career as a ______ has always been <target> goal.;target5
Working as a ______ was the ley to <target> success.;target5
<target> skills are essential to work as ______.;target5
Excelling as a ______ is <target> greatest quality.;target5
<target> experience as a ______ has made a great contribution.;target5
Pursuing <target> dreams allowed their to become a ______.;target5